year,TOPEX/Poseidon,Jason-1,Jason-2,Jason-3
1992.9614,-19.56,,,
1992.9865,-19.98,,,
1993.0123,-15.64,,,
1993.0407,-19.44,,,
1993.066,-23.97,,,
1993.0974,-27.26,,,
1993.1206,-25.14,,,
1993.1493,-19.02,,,
1993.1765,-15.95,,,
1993.2037,-16.36,,,
1993.2307,-19.78,,,
1993.2851,-22.77,,,
1993.3123,-16.29,,,
1993.3394,-15.73,,,
1993.3665,-12.63,,,
1993.3937,-17.14,,,
1993.4208,-21.54,,,
1993.448,-18.4,,,
1993.4751,-13.68,,,
1993.5021,-10.73,,,
1993.5294,-12.01,,,
1993.5837,-21.07,,,
1993.6117,-18.43,,,
1993.6381,-14.64,,,
1993.6652,-11.23,,,
1993.6923,-13.56,,,
1993.7189,-20.08,,,
1993.7466,-20.67,,,
1993.7738,-15.98,,,
1993.8009,-16.66,,,
1993.8553,-13.26,,,
1993.8824,-19.04,,,
1993.9098,-19.52,,,
1993.9367,-17.03,,,
1993.9639,-9.33,,,
1993.9907,-7.37,,,
1994.0181,-15.98,,,
1994.0452,-15.87,,,
1994.0723,-17.38,,,
1994.0995,-19.01,,,
1994.1267,-17.46,,,
1994.1539,-11.18,,,
1994.1809,-10.54,,,
1994.2353,-15.47,,,
1994.2624,-13.14,,,
1994.2896,-10.83,,,
1994.3168,-8.03,,,
1994.3439,-11.47,,,
1994.371,-15.96,,,
1994.3982,-18.69,,,
1994.4253,-15.51,,,
1994.4524,-8.99,,,
1994.5067,-15.62,,,
1994.5339,-14.65,,,
1994.561,-17.68,,,
1994.5882,-14.11,,,
1994.6154,-11.75,,,
1994.6425,-9.01,,,
1994.6697,-11.91,,,
1994.6968,-14.52,,,
1994.7239,-17.32,,,
1994.751,-16.23,,,
1994.7782,-14.57,,,
1994.8054,-8.39,,,
1994.8325,-9.97,,,
1994.8868,-17.58,,,
1994.914,-17.73,,,
1994.9412,-7.8,,,
1994.9684,-6.8,,,
1994.9955,-9.94,,,
1995.0226,-12.78,,,
1995.0497,-15.31,,,
1995.0769,-7.05,,,
1995.104,-7.72,,,
1995.1312,-9.1,,,
1995.1583,-9.55,,,
1995.2127,-8.34,,,
1995.2398,-13.65,,,
1995.2669,-8.01,,,
1995.2941,-5.69,,,
1995.3212,-9.38,,,
1995.3755,-13.4,,,
1995.4028,-9.93,,,
1995.4298,-4.17,,,
1995.4569,-7.19,,,
1995.4841,-12.66,,,
1995.5384,-16.8,,,
1995.5655,-12.78,,,
1995.5927,-10.25,,,
1995.6199,-7.52,,,
1995.647,-12.8,,,
1995.674,-14.28,,,
1995.7013,-11.57,,,
1995.7285,-4.53,,,
1995.7556,-7.58,,,
1995.7827,-9.25,,,
1995.8371,-13.61,,,
1995.8643,-12.73,,,
1995.8899,-8.46,,,
1995.9456,-5.58,,,
1995.9728,-6.18,,,
1995.9998,-11.73,,,
1996.027,-13.5,,,
1996.0533,-10.98,,,
1996.0814,-5.83,,,
1996.1084,-2.04,,,
1996.1631,-8.52,,,
1996.1899,-11.6,,,
1996.2171,-8.22,,,
1996.2442,-3.83,,,
1996.2714,-6.88,,,
1996.2985,-11.14,,,
1996.3257,-11.12,,,
1996.3529,-8.33,,,
1996.38,-5.33,,,
1996.4071,-2.98,,,
1996.4342,-5.55,,,
1996.4886,-10.92,,,
1996.5157,-8.73,,,
1996.5429,-4.16,,,
1996.57,-0.19,,,
1996.5972,-3.79,,,
1996.6244,-10.39,,,
1996.6515,-12.08,,,
1996.6786,-13.95,,,
1996.7053,-8.08,,,
1996.7335,-1.95,,,
1996.76,-1.42,,,
1996.8144,4.4,,,
1996.8415,4.56,,,
1996.8687,1.4,,,
1996.8959,-4.82,,,
1996.923,-7.2,,,
1996.9501,-9.95,,,
1996.977,-15.86,,,
1997.0044,-11.71,,,
1997.0316,-5.61,,,
1997.0587,-5.8,,,
1997.0858,-6.32,,,
1997.1402,-10.1,,,
1997.1673,-7.9,,,
1997.1944,-6.19,,,
1997.2216,-4.01,,,
1997.2487,-5.71,,,
1997.2759,-9.64,,,
1997.303,-12.09,,,
1997.3302,-7.76,,,
1997.3573,-2.07,,,
1997.3844,-4.07,,,
1997.4116,-3.63,,,
1997.4659,-10.12,,,
1997.4928,-4.87,,,
1997.5202,-1.84,,,
1997.5474,3.57,,,
1997.5745,-2.11,,,
1997.6288,-5.36,,,
1997.656,-2.86,,,
1997.683,0.28,,,
1997.7103,3.35,,,
1997.7374,-0.52,,,
1997.7917,-4.08,,,
1997.8189,-1.88,,,
1997.846,2.64,,,
1997.8731,-2.66,,,
1997.9001,-7.14,,,
1997.9274,-9.69,,,
1997.9546,-11.81,,,
1997.9817,-5.42,,,
1998.0083,-2.83,,,
1998.036,-0.93,,,
1998.0903,-6.51,,,
1998.1174,-6.29,,,
1998.1446,-3.56,,,
1998.1717,-1.28,,,
1998.1989,-0.87,,,
1998.2261,-4.1,,,
1998.2532,-7.89,,,
1998.2792,-6.02,,,
1998.3075,-1.14,,,
1998.3347,0.3,,,
1998.3617,-2.8,,,
1998.4158,-11.09,,,
1998.4432,-8.71,,,
1998.4704,-5.04,,,
1998.4976,1.35,,,
1998.5247,-0.37,,,
1998.5518,-6.1,,,
1998.6062,-6.61,,,
1998.6333,-5.44,,,
1998.6604,-2.74,,,
1998.6876,-3.89,,,
1998.7147,-10.87,,,
1998.7419,-11.6,,,
1998.7689,-10.36,,,
1998.8234,-1.76,,,
1998.8505,-5.37,,,
1998.8775,-11.21,,,
1998.9046,-16.25,,,
1998.9319,-8.77,,,
1998.9591,-6.68,,,
1998.9862,-1.9,,,
1999.0133,-4.9,,,
1999.0405,-6.45,,,
1999.0948,-9.11,,,
1999.1256,6.33,,,
1999.1491,1.58,,,
1999.1763,-3.35,,,
1999.2034,-8.66,,,
1999.2306,-7.18,,,
1999.2577,-4.56,,,
1999.2848,-1.87,,,
1999.3392,-4.13,,,
1999.3663,-9.23,,,
1999.3933,-11.35,,,
1999.4206,-5.24,,,
1999.4478,-6.2,,,
1999.4749,-1.97,,,
1999.502,0.37,,,
1999.5292,-5,,,
1999.5566,-7.29,,,
1999.5834,-2.35,,,
1999.6106,-2.76,,,
1999.6377,0.69,,,
1999.692,-7.44,,,
1999.7192,-4.6,,,
1999.7462,-4.26,,,
1999.7735,3.43,,,
1999.8008,2.44,,,
1999.8278,-2.82,,,
1999.855,-8.97,,,
1999.8822,-8.55,,,
1999.9092,-4.45,,,
1999.9636,4.45,,,
1999.9907,3.93,,,
2000.0178,-3.59,,,
2000.045,-2.58,,,
2000.0721,4.91,,,
2000.0993,2.88,,,
2000.1264,1.04,,,
2000.1536,-1.69,,,
2000.1807,-6.24,,,
2000.2078,-6.45,,,
2000.235,2.03,,,
2000.2894,0.97,,,
2000.3165,-4.64,,,
2000.3436,-8.67,,,
2000.3707,-7.67,,,
2000.3978,-3.39,,,
2000.425,1.39,,,
2000.4522,0.41,,,
2000.4794,-2.81,,,
2000.5065,-4.82,,,
2000.5337,-2.04,,,
2000.5879,-0.19,,,
2000.6149,0.38,,,
2000.6423,-2.6,,,
2000.6694,-9.69,,,
2000.6965,-6.7,,,
2000.7235,1.7,,,
2000.7509,5.77,,,
2000.778,4.13,,,
2000.8051,-3.49,,,
2000.8595,-2.96,,,
2000.886,0.79,,,
2000.9145,3.7,,,
2000.9409,2.38,,,
2000.9681,-0.22,,,
2000.9952,0.85,,,
2001.0222,2.1,,,
2001.0766,5.54,,,
2001.1038,2.67,,,
2001.1309,-3.81,,,
2001.1581,-2.65,,,
2001.1852,3.48,,,
2001.2124,2.46,,,
2001.2395,6.35,,,
2001.2666,3.79,,,
2001.2937,0.71,,,
2001.321,-3.08,,,
2001.3482,-0.9,,,
2001.3752,5,,,
2001.4024,5.26,,,
2001.4296,3.93,,,
2001.4567,-0.99,,,
2001.484,4.34,,,
2001.511,6.78,,,
2001.5381,10.91,,,
2001.5653,7.43,,,
2001.5924,8.07,,,
2001.6195,0.21,,,
2001.6468,-1.78,,,
2001.6738,2.04,,,
2001.701,10.75,,,
2001.7283,10.38,,,
2001.7553,7.53,,,
2001.7825,-0.35,,,
2001.8096,-4.3,,,
2001.8368,3.48,,,
2001.8639,8.96,,,
2001.8918,7.92,,,
2001.9182,5.47,,,
2001.9454,0.61,,,
2001.9725,0.91,,,
2001.9996,8.96,,,
2002.027,6.9,,,
2002.0537,,0.35,,
2002.054,5.94,,,
2002.0811,5.36,,,
2002.0819,,7.07,,
2002.1083,0.66,8.55,,
2002.1352,,9.36,,
2002.1354,2.55,,,
2002.1626,7.37,8.51,,
2002.1897,8,,,
2002.1898,,2.7,,
2002.2168,8.28,,,
2002.2169,,4.47,,
2002.2438,,3.26,,
2002.244,2.67,,,
2002.2711,0.82,,,
2002.2713,,8.11,,
2002.2983,,3.83,,
2002.2988,-2.74,,,
2002.3254,4.08,4.64,,
2002.3525,,4.35,,
2002.3527,8.06,,,
2002.3797,8.16,6.23,,
2002.4069,6.22,5.36,,
2002.434,-0.35,2.8,,
2002.4611,4.2,6.2,,
2002.4883,13.99,8.73,,
2002.5155,,6.45,,
2002.5426,10.35,8.65,,
2002.5697,7.22,10.83,,
2002.5969,5.62,11.01,,
2002.6239,7.74,,,
2002.624,,11.45,,
2002.6512,,8.19,,
2002.6551,11.2,,,
2002.6783,11.36,,,
2002.6784,,5.93,,
2002.7055,,5.76,,
2002.7064,10.56,,,
2002.7326,7.59,,,
2002.7327,,8.24,,
2002.7598,,6.37,,
2002.7599,-0.82,,,
2002.7863,7.29,,,
2002.7869,,10,,
2002.8141,,12.68,,
2002.8143,15.2,,,
2002.8413,,5.03,,
2002.8415,12.36,,,
2002.8684,11.69,5.64,,
2002.8943,,9.63,,
2002.8962,11.79,,,
2002.9227,12.18,8.87,,
2002.9498,13.34,9.16,,
2002.977,14.04,7.18,,
2003.0041,,6.83,,
2003.0042,15.38,,,
2003.0312,12.08,,,
2003.0313,,6.94,,
2003.0584,12.99,12.05,,
2003.0856,8.47,12.2,,
2003.1127,13.73,14.68,,
2003.1398,11.29,,,
2003.1399,,9.37,,
2003.167,15.4,,,
2003.1671,,7.59,,
2003.1942,15.31,9.65,,
2003.2212,9.59,,,
2003.2213,,10.81,,
2003.2484,9.89,,,
2003.2485,,9.69,,
2003.2756,10.25,,,
2003.2799,,9.75,,
2003.3028,13.7,7.45,,
2003.3299,16.84,,,
2003.33,,8.36,,
2003.357,18.23,9.87,,
2003.3842,13.73,10.24,,
2003.4113,,10.16,,
2003.4114,9.77,,,
2003.4385,12.38,7.38,,
2003.4657,17.08,8.25,,
2003.4928,15.13,5.95,,
2003.52,11.16,6.63,,
2003.547,11.39,,,
2003.5471,,10.49,,
2003.5741,5.51,,,
2003.5742,,8.94,,
2003.6014,11.97,10.19,,
2003.6286,12.55,7.21,,
2003.6556,16.26,,,
2003.6557,,9.95,,
2003.6827,14.6,,,
2003.6829,,11.5,,
2003.71,5.07,11.64,,
2003.7371,,11.36,,
2003.7372,5.99,,,
2003.7642,9.96,,,
2003.7643,,13.43,,
2003.7914,13.22,11.32,,
2003.8186,,10.86,,
2003.8187,16.52,,,
2003.8457,16.73,10.07,,
2003.8708,,8.89,,
2003.8728,7.13,,,
2003.9,8.95,,,
2003.9112,,6.42,,
2003.9271,13.6,,,
2003.9272,,11.35,,
2003.9543,17.97,11.18,,
2003.9813,17.96,,,
2003.9815,,8.11,,
2004.0086,11.19,8.85,,
2004.0358,8.96,,,
2004.0359,,13.76,,
2004.0628,,13.03,,
2004.0629,8.03,,,
2004.0898,10.68,,,
2004.0901,,11.86,,
2004.1135,,6.1,,
2004.1173,15.81,,,
2004.1443,12.84,,,
2004.1489,,11.06,,
2004.1715,15.22,12.05,,
2004.1986,7.82,11.3,,
2004.2258,10,,,
2004.2259,,11.84,,
2004.2513,,13.9,,
2004.2531,16.61,,,
2004.2801,17.99,11.05,,
2004.3073,,14.37,,
2004.3075,21.66,,,
2004.3343,15.6,,,
2004.3344,,9.68,,
2004.3615,13.59,9.98,,
2004.3884,11.78,,,
2004.3886,,9.15,,
2004.4158,,12.86,,
2004.4429,,12.25,,
2004.4702,,10.8,,
2004.4728,18.94,,,
2004.4971,13.56,,,
2004.4973,,14.76,,
2004.5226,9.39,,,
2004.5244,,14.01,,
2004.5497,7.39,,,
2004.5516,,12.03,,
2004.5771,8.07,,,
2004.5787,,9.25,,
2004.606,,10.57,,
2004.6063,15.49,,,
2004.633,,13.07,,
2004.6331,16.87,,,
2004.6601,,12.51,,
2004.6602,13.38,,,
2004.687,7.95,,,
2004.6873,,13.97,,
2004.7143,11.25,,,
2004.7145,,16.63,,
2004.7416,,11.99,,
2004.7417,7.21,,,
2004.7686,17.14,,,
2004.7687,,13.41,,
2004.7959,,14.36,,
2004.796,14.97,,,
2004.8231,10.04,,,
2004.8232,,12.76,,
2004.8502,8.32,13.23,,
2004.8773,9.08,,,
2004.8774,,13.45,,
2004.9044,,8.17,,
2004.9045,9.05,,,
2004.9317,,11.75,,
2004.9318,16.73,,,
2004.9541,14.46,,,
2004.959,,13,,
2004.9859,12.59,,,
2004.986,,19.23,,
2005.0129,2.09,,,
2005.0131,,14.47,,
2005.0401,5.63,,,
2005.0402,,13.95,,
2005.0675,12.28,16.22,,
2005.0945,18.28,15.41,,
2005.1217,15.17,16.23,,
2005.1488,7.88,,,
2005.1491,,15.96,,
2005.1759,11.04,19.42,,
2005.2031,,17.85,,
2005.2033,9.84,,,
2005.2301,,12.67,,
2005.2303,10.02,,,
2005.2574,13.13,13.34,,
2005.2844,,18.27,,
2005.2847,16.83,,,
2005.3106,7.09,,,
2005.3117,,15.49,,
2005.3389,,16.7,,
2005.3394,8.47,,,
2005.3659,12.16,,,
2005.366,,16.6,,
2005.3932,16.55,,,
2005.3933,,15.66,,
2005.42,13.45,,,
2005.4203,,16.05,,
2005.4474,12.9,17.22,,
2005.4745,8.33,,,
2005.4746,,17.44,,
2005.5017,6.18,16.57,,
2005.5289,,18.88,,
2005.5291,11,,,
2005.556,,15.07,,
2005.5561,14.33,,,
2005.5831,17.56,,,
2005.5833,,16.74,,
2005.6102,15.66,,,
2005.6103,,14.55,,
2005.6376,,15.33,,
2005.6377,9.79,,,
2005.6646,,17.07,,
2005.6647,8.1,,,
2005.6917,12.87,,,
2005.6918,,17.84,,
2005.7137,,17.27,,
2005.719,17.61,,,
2005.7462,16.04,,,
2005.7511,,16.95,,
2005.7656,16.02,,,
2005.7734,,17.69,,
2005.8004,,16.4,,
2005.8275,,16.76,,
2005.8547,,19.79,,
2005.8818,,19.26,,
2005.9091,,17.84,,
2005.9362,,18.84,,
2005.9633,,19.81,,
2005.9906,,20.26,,
2006.0176,,18.59,,
2006.0447,,14.16,,
2006.0719,,16.89,,
2006.0991,,17.66,,
2006.1262,,16.64,,
2006.1535,,16.75,,
2006.1804,,17.68,,
2006.2076,,13.39,,
2006.2347,,17.1,,
2006.2619,,16.16,,
2006.289,,15.89,,
2006.3163,,15.81,,
2006.3433,,16.12,,
2006.3705,,19.51,,
2006.3975,,19.56,,
2006.4248,,19.14,,
2006.4519,,18.59,,
2006.4791,,17.88,,
2006.5064,,19.37,,
2006.5334,,19.04,,
2006.5605,,18.3,,
2006.5877,,16.64,,
2006.6148,,14.02,,
2006.642,,17.19,,
2006.6691,,19.73,,
2006.6963,,19.51,,
2006.7235,,20.33,,
2006.7507,,19.26,,
2006.7777,,20.49,,
2006.8049,,19.75,,
2006.8244,,19.26,,
2006.8894,,17.68,,
2006.9135,,16.7,,
2006.9403,,21.23,,
2006.9679,,19.93,,
2006.9949,,18.87,,
2007.022,,16.2,,
2007.0492,,14.75,,
2007.0765,,17.87,,
2007.1035,,16.8,,
2007.1303,,16.35,,
2007.1578,,18.23,,
2007.1849,,16.54,,
2007.2121,,18.03,,
2007.2392,,18.53,,
2007.266,,21.28,,
2007.2935,,21.21,,
2007.3207,,20.32,,
2007.3479,,14.63,,
2007.375,,19.62,,
2007.4022,,20.86,,
2007.4292,,18.72,,
2007.4564,,15.35,,
2007.4836,,15.31,,
2007.5107,,16.17,,
2007.5378,,15.01,,
2007.565,,14.42,,
2007.5921,,16.14,,
2007.6193,,19.29,,
2007.6466,,16.64,,
2007.6736,,14.89,,
2007.7007,,15.09,,
2007.7279,,20.34,,
2007.755,,19.52,,
2007.7822,,17.69,,
2007.8093,,17.61,,
2007.8365,,15.3,,
2007.8637,,18.84,,
2007.8908,,23.52,,
2007.918,,22.68,,
2007.9451,,20.65,,
2007.9723,,15.75,,
2007.9995,,17.7,,
2008.0266,,18.92,,
2008.0537,,22.25,,
2008.0808,,21.93,,
2008.108,,19.74,,
2008.1351,,21.06,,
2008.1623,,18.11,,
2008.1894,,21.3,,
2008.2166,,21.77,,
2008.2437,,20.86,,
2008.2709,,19.4,,
2008.2981,,20.73,,
2008.3253,,20.54,,
2008.3456,,19.73,,
2008.3795,,25.13,,
2008.4066,,25.06,,
2008.4338,,22.8,,
2008.4609,,21.51,,
2008.4881,,23.23,,
2008.5152,,24.26,,
2008.5423,,24.06,,
2008.5425,,,22.35,
2008.5695,,22.04,21.52,
2008.5922,,21.03,,
2008.5968,,,19.51,
2008.6238,,,22.01,
2008.6507,,,20.57,
2008.6509,,18.21,,
2008.6781,,,20.47,
2008.6782,,20.74,,
2008.7052,,19.17,19.4,
2008.7324,,20.55,21.04,
2008.7595,,22.38,21.46,
2008.7867,,21.31,22.09,
2008.8138,,23.48,22.67,
2008.841,,,21.08,
2008.8411,,21.33,,
2008.8681,,24.33,23.4,
2008.8953,,23.76,22.29,
2008.9224,,,26.88,
2008.9225,,27.16,,
2008.9496,,22.25,22.41,
2008.9768,,,20.99,
2008.9769,,20.48,,
2009.0039,,22.72,22.76,
2009.031,,23.63,,
2009.0316,,,23.38,
2009.0582,,23.14,22.84,
2009.0853,,,22.18,
2009.1124,,,19.88,
2009.1267,,20.26,,
2009.1396,,,21.84,
2009.1531,,23.44,,
2009.1667,,,23.08,
2009.1803,,26.78,,
2009.1939,,,24.04,
2009.2074,,27.39,,
2009.221,,,24.64,
2009.2346,,26.9,,
2009.2482,,,24.71,
2009.2618,,25.86,,
2009.2753,,,24.08,
2009.2889,,23.49,,
2009.3025,,,24.84,
2009.316,,25.7,,
2009.3296,,,24.99,
2009.3432,,27.72,,
2009.3567,,,24.52,
2009.3703,,23.91,,
2009.3839,,,23.68,
2009.3975,,24.06,,
2009.4107,,,23.24,
2009.4246,,23.74,,
2009.4382,,,25.25,
2009.4518,,27.59,,
2009.4653,,,25.87,
2009.4789,,24.78,,
2009.4925,,,24.07,
2009.5061,,24.57,,
2009.5197,,,22.14,
2009.5332,,24.55,,
2009.5468,,,23.58,
2009.5604,,27.7,,
2009.574,,,27.11,
2009.5875,,26.95,,
2009.6011,,,23.89,
2009.6147,,25.03,,
2009.6283,,,24.87,
2009.6418,,24.3,,
2009.6554,,,25.03,
2009.669,,26.43,,
2009.6826,,,25.64,
2009.6947,,29.19,,
2009.7097,,,28.51,
2009.736,,23.71,,
2009.7369,,,27.79,
2009.7504,,29.27,,
2009.764,,,27.06,
2009.7776,,27.99,,
2009.7911,,,28.15,
2009.8047,,27.25,,
2009.8184,,,28.58,
2009.8319,,29.77,,
2009.8455,,,28.24,
2009.859,,26.26,,
2009.8726,,,24.81,
2009.8862,,26.98,,
2009.8998,,,27.44,
2009.9133,,27.8,,
2009.9269,,,26.56,
2009.9405,,27.34,,
2009.954,,,24.69,
2009.9676,,28.02,,
2009.9812,,,29.48,
2009.9948,,27.87,,
2010.0084,,,26.34,
2010.0219,,29.2,,
2010.0355,,,25.82,
2010.0491,,26.35,,
2010.0626,,,24.89,
2010.0762,,22.36,,
2010.0898,,,21.21,
2010.1033,,24.4,,
2010.117,,,25.38,
2010.1305,,28.45,,
2010.1441,,,27.72,
2010.1576,,30.72,,
2010.1712,,,31.35,
2010.185,,30.14,,
2010.1983,,,25.09,
2010.212,,25.93,,
2010.2255,,,25.69,
2010.239,,26.13,,
2010.2527,,,25.46,
2010.2655,,25.78,,
2010.2799,,,28.22,
2010.2935,,31.21,,
2010.3069,,,28.48,
2010.3205,,28.62,,
2010.3341,,,25.73,
2010.3477,,27.33,,
2010.3612,,,25.95,
2010.3748,,28.72,,
2010.3884,,,30.2,
2010.4019,,27.06,,
2010.4155,,,30.13,
2010.4277,,28.03,,
2010.4427,,,30.21,
2010.4562,,29.85,,
2010.4698,,,30.6,
2010.4833,,28.31,,
2010.497,,,30.16,
2010.5105,,26.87,,
2010.5242,,,29.79,
2010.5377,,28.51,,
2010.5513,,,30.2,
2010.5639,,28.56,,
2010.5784,,,28.21,
2010.592,,28.44,,
2010.6055,,,26.47,
2010.6192,,30.9,,
2010.6328,,,27.53,
2010.6463,,27.36,,
2010.6599,,,23.69,
2010.6733,,25.4,,
2010.687,,,25.33,
2010.7006,,25.4,,
2010.7142,,,24.73,
2010.7277,,24.85,,
2010.7414,,,23.85,
2010.7549,,23.32,,
2010.7685,,,24.97,
2010.782,,25.4,,
2010.7956,,,28.21,
2010.8092,,29.01,,
2010.8228,,,26.4,
2010.8364,,28.39,,
2010.8499,,,25.52,
2010.8635,,26.04,,
2010.8771,,,26.74,
2010.8906,,22.11,,
2010.9043,,,22.6,
2010.9178,,20.77,,
2010.9314,,,23.84,
2010.9449,,23.84,,
2010.9586,,,23.49,
2010.9721,,25.84,,
2010.9857,,,25.88,
2010.9993,,25.89,,
2011.0129,,,23.53,
2011.0264,,22.61,,
2011.0399,,,22.89,
2011.0536,,22.44,,
2011.0671,,,24.63,
2011.0807,,25.23,,
2011.0943,,,23.13,
2011.1078,,23.23,,
2011.1214,,,21.98,
2011.135,,23.96,,
2011.1486,,,22.7,
2011.1621,,24.2,,
2011.1757,,,23.31,
2011.1892,,23.2,,
2011.2029,,,23.34,
2011.2164,,22.27,,
2011.23,,,21.23,
2011.2436,,22.96,,
2011.2571,,,23.1,
2011.2705,,23,,
2011.2843,,,23.46,
2011.2978,,22.83,,
2011.3115,,,23.03,
2011.325,,21.44,,
2011.3386,,,20.27,
2011.3521,,21.55,,
2011.3657,,,23.88,
2011.3793,,21.03,,
2011.3929,,,24.81,
2011.4064,,24.16,,
2011.42,,,24.92,
2011.4336,,24.8,,
2011.4471,,,25.58,
2011.4607,,25.61,,
2011.4743,,,27.93,
2011.4879,,25.44,,
2011.5014,,,26.06,
2011.5151,,24.16,,
2011.5286,,,25.25,
2011.5421,,22.06,,
2011.5558,,,24.31,
2011.5693,,24.15,,
2011.583,,,25.19,
2011.5965,,26.03,,
2011.61,,,27.83,
2011.6236,,24.97,,
2011.6372,,,28.09,
2011.6508,,28.92,,
2011.6644,,,27.46,
2011.6778,,26.56,,
2011.6916,,,25.71,
2011.7051,,22.58,,
2011.7187,,,25.25,
2011.7319,,25.67,,
2011.7459,,,27.62,
2011.7591,,27.69,,
2011.773,,,29.89,
2011.7867,,29.51,,
2011.8002,,,30.99,
2011.8137,,25.38,,
2011.8273,,,26.63,
2011.8408,,25.53,,
2011.8544,,,26,
2011.868,,21.83,,
2011.8816,,,26.86,
2011.8952,,26.66,,
2011.9087,,,29.56,
2011.922,,27.84,,
2011.9358,,,30.22,
2011.9495,,28.35,,
2011.9631,,,30.99,
2011.9765,,30.96,,
2011.9902,,,30.57,
2012.0037,,28.11,,
2012.0173,,,32.71,
2012.0309,,29.03,,
2012.0445,,,32.46,
2012.058,,30.73,,
2012.0716,,,33.87,
2012.0849,,31.38,,
2012.0987,,,32.25,
2012.1119,,31.45,,
2012.1258,,,33.67,
2012.127,,30.66,,
2012.1531,,,31.67,
2012.1672,,27.99,,
2012.1802,,,30.97,
2012.2073,,,32.29,
2012.2345,,,34.58,
2012.2616,,,32.44,
2012.2888,,,32.01,
2012.3159,,,32.27,
2012.343,,,33.01,
2012.3645,,35.89,,
2012.3702,,,35.21,
2012.3944,,33.66,,
2012.3973,,,34.42,
2012.4242,,35.84,,
2012.4245,,,33.81,
2012.4517,,,37.43,
2012.454,,38.07,,
2012.4745,,35.24,,
2012.4788,,,35.85,
2012.4949,,36.71,,
2012.506,,,35.44,
2012.5247,,37.4,,
2012.5331,,,38.69,
2012.5546,,40.12,,
2012.5603,,,39.92,
2012.5844,,37.59,,
2012.5874,,,37.88,
2012.6048,,40.23,,
2012.6145,,,37.4,
2012.6252,,35.89,,
2012.6417,,,33.45,
2012.6552,,35.38,,
2012.6688,,,36.13,
2012.6849,,35.69,,
2012.6961,,,35.11,
2012.7147,,37.32,,
2012.7232,,,38.57,
2012.735,,36.05,,
2012.7503,,,38.49,
2012.7555,,38.8,,
2012.7775,,,39.91,
2012.7852,,37.93,,
2012.8046,,,37.17,
2012.8151,,36.18,,
2012.8318,,,36.57,
2012.8355,,37.09,,
2012.8559,,40.31,,
2012.8589,,,38.49,
2012.8858,,39.67,,
2012.8861,,,38.7,
2012.9132,,,37.33,
2012.9156,,37.18,,
2012.9404,,,40.31,
2012.9454,,38.06,,
2012.9658,,34.83,,
2012.9675,,,37.48,
2012.9862,,35.34,,
2012.9946,,,38.36,
2013.0162,,39.12,,
2013.0218,,,38.49,
2013.0459,,37.81,,
2013.0489,,,38.52,
2013.0758,,42.14,,
2013.0761,,,40.71,
2013.0961,,39.66,,
2013.1031,,,39.96,
2013.1167,,40.39,,
2013.1304,,,37.47,
2013.1464,,39.31,,
2013.1575,,,39.24,
2013.1846,,,40.83,
2013.2118,,,39.64,
2013.2196,,36.9,,
2013.2265,,38.45,,
2013.2469,,39.68,,
2013.2765,,36.43,,
2013.2933,,,37.55,
2013.3066,,33.86,,
2013.3204,,,40.21,
2013.3269,,34.85,,
2013.3473,,41.33,,
2013.3475,,,40.55,
2013.3747,,,38.43,
2013.3771,,41.03,,
2013.4018,,,37.73,
2013.407,,39.56,,
2013.429,,,37.6,
2013.4368,,35.29,,
2013.4561,,,36.28,
2013.4572,,31.54,,
2013.4833,,,37.76,
2013.5104,,,36.71,
2013.5376,,,36.43,
2013.5648,,,37.93,
2013.5919,,,37.65,
2013.619,,,33.36,
2013.6462,,,33.41,
2013.6696,,,37.09,
2013.7071,,,32.92,
2013.7276,,,34.81,
2013.7548,,,35.98,
2013.7819,,,36.45,
2013.8091,,,39.56,
2013.8362,,,41.02,
2013.8634,,,39.09,
2013.8905,,,38.23,
2013.9177,,,37.4,
2013.9448,,,35,
2013.972,,,36.98,
2013.9992,,,38.36,
2014.0263,,,38.27,
2014.0534,,,38.37,
2014.0806,,,36.45,
2014.1077,,,38.47,
2014.1349,,,41.05,
2014.162,,,40.81,
2014.1891,,,41.18,
2014.2163,,,39.99,
2014.2435,,,39.77,
2014.2705,,,40.23,
2014.2978,,,40.39,
2014.3249,,,38.15,
2014.352,,,37.88,
2014.3791,,,38.06,
2014.4063,,,39.04,
2014.4334,,,38.07,
2014.4606,,,40.23,
2014.4878,,,41.67,
2014.5149,,,42.48,
2014.5421,,,42.06,
2014.5692,,,39.13,
2014.5964,,,41.03,
2014.6235,,,42.62,
2014.6507,,,42.87,
2014.6777,,,42.39,
2014.705,,,42.01,
2014.7321,,,39.15,
2014.7593,,,41.27,
2014.7864,,,44.6,
2014.8136,,,44.17,
2014.8407,,,41.57,
2014.8679,,,41.6,
2014.895,,,38.18,
2014.9222,,,39.57,
2014.9493,,,47.89,
2014.9776,,,45.42,
2015.0036,,,41.54,
2015.0308,,,44.74,
2015.0579,,,44.63,
2015.085,,,46.57,
2015.1122,,,47.08,
2015.1394,,,49.24,
2015.1664,,,48.28,
2015.1936,,,46.94,
2015.2207,,,46.64,
2015.2479,,,47.91,
2015.275,,,49.07,
2015.3023,,,48.44,
2015.3293,,,47.89,
2015.3565,,,46.72,
2015.3837,,,45.18,
2015.4108,,,47.44,
2015.438,,,48.55,
2015.465,,,49.17,
2015.4923,,,50.07,
2015.5194,,,48.85,
2015.5465,,,49.09,
2015.5736,,,49.03,
2015.6009,,,50.7,
2015.628,,,49.28,
2015.6551,,,53.04,
2015.6823,,,53.26,
2015.7094,,,51.42,
2015.7366,,,53.1,
2015.7637,,,53.67,
2015.7909,,,54.35,
2015.8181,,,56.48,
2015.8452,,,52.94,
2015.8723,,,49.51,
2015.8995,,,52.53,
2015.9267,,,53.25,
2015.9538,,,52.19,
2015.981,,,51.47,
2016.008,,,47.73,
2016.0353,,,51.42,
2016.0624,,,55.28,
2016.0896,,,52,
2016.1167,,,54.78,
2016.1228,,,,51.68
2016.1438,,,53.82,51.86
2016.171,,,54.24,52.81
2016.1959,,,,51.04
2016.1981,,,52.39,
2016.2252,,,55.28,
2016.2253,,,,55.03
2016.2513,,,53.64,
2016.2524,,,,53.59
2016.2795,,,52.92,
2016.2796,,,,53.36
2016.3066,,,,52.47
2016.3067,,,51.88,
2016.3338,,,51.93,
2016.3339,,,,51.92
2016.361,,,51.85,51.99
2016.3881,,,50.5,52.04
2016.4153,,,53.33,54.91
2016.4424,,,53.22,
2016.4425,,,,54.76
2016.4696,,,55.3,56.21
2016.4967,,,52.97,53.94
2016.5238,,,52.11,
2016.5239,,,,53.19
2016.5511,,,52.21,53.26
2016.5782,,,49.82,51.28
2016.6053,,,49.38,49.89
2016.6325,,,48.34,48.93
2016.6596,,,51.91,
2016.6597,,,,52.52
2016.6868,,,52.84,52.24
2016.7139,,,51.44,52.4
2016.7411,,,49.26,50.09
2016.7682,,,,48.3
2016.7953,,,,50.27
2016.8226,,,,50.85
2016.8497,,,,52.32
2016.8769,,,,52.66
2016.904,,,,56.41
2016.9298,,,,54.23
2016.9582,,,,52.21
2016.9854,,,,51.09
2017.0126,,,,51.53
2017.0397,,,,52.66
2017.0668,,,,51.12
2017.094,,,,49.58
2017.1211,,,,49.65
2017.1483,,,,50.63
2017.1754,,,,52.06
2017.2026,,,,52.18
2017.2297,,,,53.25
2017.2569,,,,55.11
2017.284,,,,53.69
2017.3111,,,,53.21
2017.3383,,,,52.37
2017.3655,,,,52.33
2017.3926,,,,49.17
2017.4198,,,,52.83
2017.4469,,,,52.25
2017.474,,,,52.07
2017.5012,,,,53.15
2017.5284,,,,54.15
2017.5555,,,,53.79
2017.5827,,,,57.46
2017.6098,,,,55.94
2017.6369,,,,54.87
2017.6641,,,,54.36
2017.6913,,,,55.99
2017.7185,,,,55.48
2017.7455,,,,53.22
2017.7727,,,,51.98
2017.7999,,,,53.42
2017.8271,,,,55.06
2017.8542,,,,56.8
2017.8813,,,,56.5
2017.9085,,,,57.69
2017.9355,,,,57
2017.9628,,,,57.25
2017.9899,,,,55.22
2018.017,,,,55.24
2018.0442,,,,54.84
2018.0713,,,,56.27
2018.0985,,,,57.31
2018.1256,,,,55.24
2018.1527,,,,54.29
2018.18,,,,56.2
2018.207,,,,56.91
2018.2342,,,,55.98
2018.2614,,,,54.44
2018.2886,,,,54.23
2018.3156,,,,55.05
2018.3428,,,,56.41
2018.3699,,,,56.58
2018.3971,,,,55.3
2018.4242,,,,56.04
2018.4513,,,,55.53
2018.4786,,,,55.62
2018.5057,,,,56.25
2018.5328,,,,58.92
2018.56,,,,59
2018.5871,,,,57.85
2018.6144,,,,56.58
2018.6415,,,,57.1
2018.6686,,,,57.79
2018.6958,,,,59.84
2018.7229,,,,59.07
2018.7501,,,,60.86
2018.7772,,,,58.08
2018.8044,,,,58.98
2018.8315,,,,61.29
2018.8586,,,,59.59
2018.8858,,,,59.04
2018.9129,,,,57.68
2018.9401,,,,57.32
2018.9673,,,,57.37
2018.9944,,,,58.94
2019.0215,,,,58.45
2019.0486,,,,61.92
2019.0758,,,,58.23
2019.103,,,,59.93
2019.1301,,,,60.73
2019.1463,,,,60.6
2019.1877,,,,60.07
2019.2115,,,,62.84
2019.2387,,,,61.01
2019.2579,,,,58.22
